<?xml version="1.0" encoding="UTF-8"?>
<con:testSuite id="e1a77bd2-cf74-48b7-87b3-e3c88b0b5797" name="TestSuiteYuliiaHuzieieva" xmlns:con="http://eviware.com/soapui/config"><con:settings/><con:runType>SEQUENTIAL</con:runType><con:testCase id="fb2c0c2b-8d70-4f74-b01d-80641fa45420" failOnError="true" failTestCaseOnErrors="true" keepSession="false" maxResults="0" name="TestCase 1 Verify capital city when the user type ISO country code" searchProperties="true"><con:settings/><con:testStep type="request" id="d0c7da2f-7ef7-43fe-9e83-49e0bc5a5200" name="CapitalCity - Request 1"><con:settings/><con:config xsi:type="con:RequestStep" xmlns:xsi="http://www.w3.org/2001/XMLSchema-instance"><con:interface>CountryInfoServiceSoapBinding</con:interface><con:operation>CapitalCity</con:operation><con:request name="CapitalCity - Request 1" outgoingWss="" incomingWss="" timeout="" sslKeystore="" useWsAddressing="false" useWsReliableMessaging="false" wssPasswordType="" id="98171e3c-3cde-4b64-8118-09e9822e7147"><con:settings><con:setting id="com.eviware.soapui.impl.wsdl.WsdlRequest@request-headers">&lt;xml-fragment/></con:setting></con:settings><con:encoding>UTF-8</con:encoding><con:endpoint>http://webservices.oorsprong.org/websamples.countryinfo/CountryInfoService.wso</con:endpoint><con:request><![CDATA[<soapenv:Envelope xmlns:soapenv="http://schemas.xmlsoap.org/soap/envelope/" xmlns:web="http://www.oorsprong.org/websamples.countryinfo">\r
   <soapenv:Header/>\r
   <soapenv:Body>\r
      <web:CapitalCity>\r
         <web:sCountryISOCode>GB</web:sCountryISOCode>\r
      </web:CapitalCity>\r
   </soapenv:Body>\r
</soapenv:Envelope>]]></con:request><con:assertion type="SOAP Response" id="537189d4-661b-4d27-8ae8-4f2ee6156663" name="SOAP Response"/><con:assertion type="Simple Contains" id="a724fe71-aeb5-4390-aae2-b98517b961f6" name="Contains"><con:configuration><token>london</token><ignoreCase>false</ignoreCase><useRegEx>false</useRegEx></con:configuration></con:assertion><con:assertion type="Simple Contains" id="45e45c04-8709-4266-aa64-fa3eb1722f16" name="Contains 1"><con:configuration><token>London</token><ignoreCase>false</ignoreCase><useRegEx>false</useRegEx></con:configuration></con:assertion><con:assertion type="Simple Contains" id="a9f98a71-049f-48c5-9497-6d4a61781f54" name="Contains 2"><con:configuration><token>Лондон</token><ignoreCase>false</ignoreCase><useRegEx>false</useRegEx></con:configuration></con:assertion><con:credentials><con:authType>No Authorization</con:authType></con:credentials><con:jmsConfig JMSDeliveryMode="PERSISTENT"/><con:jmsPropertyConfig/><con:wsaConfig mustUnderstand="NONE" version="200508" action="http://www.oorsprong.org/websamples.countryinfo/CountryInfoServiceSoapType/CapitalCityRequest"/><con:wsrmConfig version="1.2"/></con:request></con:config></con:testStep><con:properties/></con:testCase><con:testCase id="ac540720-0347-415d-a5fb-c7fa45e626a0" failOnError="true" failTestCaseOnErrors="true" keepSession="false" maxResults="0" name="TestCase 2 Verify capital city when the user type ISO country code" searchProperties="true"><con:settings/><con:testStep type="request" id="c2665feb-6056-4b6f-94da-ac531a03b533" name="CapitalCity - Request 2"><con:settings/><con:config xsi:type="con:RequestStep" xmlns:xsi="http://www.w3.org/2001/XMLSchema-instance"><con:interface>CountryInfoServiceSoapBinding</con:interface><con:operation>CapitalCity</con:operation><con:request name="CapitalCity - Request 2" outgoingWss="" incomingWss="" timeout="" sslKeystore="" useWsAddressing="false" useWsReliableMessaging="false" wssPasswordType="" id="2f78cb68-985f-4f87-98f1-b2e3e1b85945"><con:settings><con:setting id="com.eviware.soapui.impl.wsdl.WsdlRequest@request-headers">&lt;xml-fragment/></con:setting></con:settings><con:encoding>UTF-8</con:encoding><con:endpoint>http://webservices.oorsprong.org/websamples.countryinfo/CountryInfoService.wso</con:endpoint><con:request><![CDATA[<soapenv:Envelope xmlns:soapenv="http://schemas.xmlsoap.org/soap/envelope/" xmlns:web="http://www.oorsprong.org/websamples.countryinfo">\r
   <soapenv:Header/>\r
   <soapenv:Body>\r
      <web:CapitalCity>\r
         <web:sCountryISOCode>IN</web:sCountryISOCode>\r
      </web:CapitalCity>\r
   </soapenv:Body>\r
</soapenv:Envelope>]]></con:request><con:assertion type="SOAP Response" id="ac769642-7642-4662-aa31-dd62975cd708" name="SOAP Response"/><con:assertion type="Simple Contains" id="62c3b76a-c0eb-4d45-bdc8-17ad5c23f05d" name="Contains"><con:configuration><token>New Delhi</token><ignoreCase>false</ignoreCase><useRegEx>false</useRegEx></con:configuration></con:assertion><con:assertion type="Simple Contains" id="0096c2e4-8c4d-4449-a74c-b4a2d009feda" name="Contains 1"><con:configuration><token>Delhi</token><ignoreCase>false</ignoreCase><useRegEx>false</useRegEx></con:configuration></con:assertion><con:assertion type="Simple Contains" id="2b52e82d-2bae-4013-ad51-1a346277de43" name="Contains 2"><con:configuration><token>New </token><ignoreCase>false</ignoreCase><useRegEx>false</useRegEx></con:configuration></con:assertion><con:assertion type="Simple Contains" id="6b6ba847-6649-4c49-ae8c-206a2601c11b" name="Contains 3"><con:configuration><token>Дели</token><ignoreCase>false</ignoreCase><useRegEx>false</useRegEx></con:configuration></con:assertion><con:credentials><con:authType>No Authorization</con:authType></con:credentials><con:jmsConfig JMSDeliveryMode="PERSISTENT"/><con:jmsPropertyConfig/><con:wsaConfig mustUnderstand="NONE" version="200508" action="http://www.oorsprong.org/websamples.countryinfo/CountryInfoServiceSoapType/CapitalCityRequest"/><con:wsrmConfig version="1.2"/></con:request></con:config></con:testStep><con:properties/></con:testCase><con:testCase id="97a94da5-5384-41f6-b866-133f0bc10c2e" failOnError="true" failTestCaseOnErrors="true" keepSession="false" maxResults="0" name="TestCase 3 Verify ISO country code when the user type country name" searchProperties="true"><con:settings/><con:testStep type="request" id="8a1239f8-08cc-456c-9f41-16b0cd9c43f0" name="CountryISOCode - Request 1"><con:settings/><con:config xsi:type="con:RequestStep" xmlns:xsi="http://www.w3.org/2001/XMLSchema-instance"><con:interface>CountryInfoServiceSoapBinding</con:interface><con:operation>CountryISOCode</con:operation><con:request name="CountryISOCode - Request 1" outgoingWss="" incomingWss="" timeout="" sslKeystore="" useWsAddressing="false" useWsReliableMessaging="false" wssPasswordType="" id="dd4347fe-6626-4f37-838d-37c6e7e81d01"><con:settings><con:setting id="com.eviware.soapui.impl.wsdl.WsdlRequest@request-headers">&lt;xml-fragment/></con:setting></con:settings><con:encoding>UTF-8</con:encoding><con:endpoint>http://webservices.oorsprong.org/websamples.countryinfo/CountryInfoService.wso</con:endpoint><con:request><![CDATA[<soapenv:Envelope xmlns:soapenv="http://schemas.xmlsoap.org/soap/envelope/" xmlns:web="http://www.oorsprong.org/websamples.countryinfo">\r
   <soapenv:Header/>\r
   <soapenv:Body>\r
      <web:CountryISOCode>\r
         <web:sCountryName>Canada</web:sCountryName>\r
      </web:CountryISOCode>\r
   </soapenv:Body>\r
</soapenv:Envelope>]]></con:request><con:assertion type="SOAP Response" id="69457050-12cb-45f8-a787-ba54373f8fa6" name="SOAP Response"/><con:assertion type="Simple Contains" id="cd04c2fe-1c84-4c36-a9a1-9afda5d0360a" name="Contains"><con:configuration><token>CA</token><ignoreCase>false</ignoreCase><useRegEx>false</useRegEx></con:configuration></con:assertion><con:assertion type="Simple Contains" id="f0ca0ff3-3f93-458f-a248-d84203dfcef9" name="Contains 1"><con:configuration><token>C</token><ignoreCase>false</ignoreCase><useRegEx>false</useRegEx></con:configuration></con:assertion><con:assertion type="Simple Contains" id="6f4f3ce9-4bfc-41ad-b684-30b52084bee3" name="Contains 2"><con:configuration><token>A</token><ignoreCase>false</ignoreCase><useRegEx>false</useRegEx></con:configuration></con:assertion><con:credentials><con:authType>No Authorization</con:authType></con:credentials><con:jmsConfig JMSDeliveryMode="PERSISTENT"/><con:jmsPropertyConfig/><con:wsaConfig mustUnderstand="NONE" version="200508" action="http://www.oorsprong.org/websamples.countryinfo/CountryInfoServiceSoapType/CountryISOCodeRequest"/><con:wsrmConfig version="1.2"/></con:request></con:config></con:testStep><con:properties/></con:testCase><con:testCase id="c89df4f1-bee8-4d4b-9114-d43d46f704b3" failOnError="true" failTestCaseOnErrors="true" keepSession="false" maxResults="0" name="TestCase 4 Verify ISO country code when the user type country name" searchProperties="true"><con:settings/><con:testStep type="request" id="f6c75e5a-c67b-4098-9e71-ca9c0f2657cf" name="CountryISOCode - Request 2"><con:settings/><con:config xsi:type="con:RequestStep" xmlns:xsi="http://www.w3.org/2001/XMLSchema-instance"><con:interface>CountryInfoServiceSoapBinding</con:interface><con:operation>CountryISOCode</con:operation><con:request name="CountryISOCode - Request 2" outgoingWss="" incomingWss="" timeout="" sslKeystore="" useWsAddressing="false" useWsReliableMessaging="false" wssPasswordType="" id="fd1b3afc-9a81-4349-850b-ddb2e498b944"><con:settings><con:setting id="com.eviware.soapui.impl.wsdl.WsdlRequest@request-headers">&lt;xml-fragment/></con:setting></con:settings><con:encoding>UTF-8</con:encoding><con:endpoint>http://webservices.oorsprong.org/websamples.countryinfo/CountryInfoService.wso</con:endpoint><con:request><![CDATA[<soapenv:Envelope xmlns:soapenv="http://schemas.xmlsoap.org/soap/envelope/" xmlns:web="http://www.oorsprong.org/websamples.countryinfo">\r
   <soapenv:Header/>\r
   <soapenv:Body>\r
      <web:CountryISOCode>\r
         <web:sCountryName>Cuba</web:sCountryName>\r
      </web:CountryISOCode>\r
   </soapenv:Body>\r
</soapenv:Envelope>]]></con:request><con:assertion type="SOAP Response" id="18f3bfa1-945e-4ffa-80ae-c572cb01ad7c" name="SOAP Response"/><con:assertion type="Simple Contains" id="101ee324-d2d3-460f-8b4a-28394697bacf" name="Contains"><con:configuration><token>CU</token><ignoreCase>false</ignoreCase><useRegEx>false</useRegEx></con:configuration></con:assertion><con:assertion type="Simple Contains" id="d2a15d9c-59f1-4af7-89d4-f2765acc93d7" name="Contains 1"><con:configuration><token>C</token><ignoreCase>false</ignoreCase><useRegEx>false</useRegEx></con:configuration></con:assertion><con:assertion type="Simple Contains" id="8597794f-80aa-4a78-b84f-e8c1a954e67f" name="Contains 2"><con:configuration><token>U</token><ignoreCase>false</ignoreCase><useRegEx>false</useRegEx></con:configuration></con:assertion><con:credentials><con:authType>No Authorization</con:authType></con:credentials><con:jmsConfig JMSDeliveryMode="PERSISTENT"/><con:jmsPropertyConfig/><con:wsaConfig mustUnderstand="NONE" version="200508" action="http://www.oorsprong.org/websamples.countryinfo/CountryInfoServiceSoapType/CountryISOCodeRequest"/><con:wsrmConfig version="1.2"/></con:request></con:config></con:testStep><con:properties/></con:testCase><con:testCase id="efc19dbf-8157-44cf-95c4-0b28fe7d1bb4" failOnError="true" failTestCaseOnErrors="true" keepSession="false" maxResults="0" name="TestCase 5 Verify country currency when the user type country ISO code" searchProperties="true"><con:settings/><con:testStep type="request" id="8f0b710d-abaf-44da-aff8-e0c7ef98cb66" name="CountryCurrency - Request 1"><con:settings/><con:config xsi:type="con:RequestStep" xmlns:xsi="http://www.w3.org/2001/XMLSchema-instance"><con:interface>CountryInfoServiceSoapBinding12</con:interface><con:operation>CountryCurrency</con:operation><con:request name="CountryCurrency - Request 1" outgoingWss="" incomingWss="" timeout="" sslKeystore="" useWsAddressing="false" useWsReliableMessaging="false" wssPasswordType="" id="3a92884c-9613-42ee-b45f-4dcddb594acd"><con:settings><con:setting id="com.eviware.soapui.impl.wsdl.WsdlRequest@request-headers">&lt;xml-fragment/></con:setting></con:settings><con:encoding>UTF-8</con:encoding><con:endpoint>http://webservices.oorsprong.org/websamples.countryinfo/CountryInfoService.wso</con:endpoint><con:request><![CDATA[<soap:Envelope xmlns:soap="http://www.w3.org/2003/05/soap-envelope" xmlns:web="http://www.oorsprong.org/websamples.countryinfo">\r
   <soap:Header/>\r
   <soap:Body>\r
      <web:CountryCurrency>\r
         <web:sCountryISOCode>DK</web:sCountryISOCode>\r
      </web:CountryCurrency>\r
   </soap:Body>\r
</soap:Envelope>]]></con:request><con:assertion type="SOAP Response" id="ea1b2d0f-f0a0-4e03-87f7-b9c105cb2ec8" name="SOAP Response"/><con:assertion type="Simple Contains" id="ea53256a-2eb7-43be-a00a-274994b803f2" name="Contains"><con:configuration><token>DKK</token><ignoreCase>false</ignoreCase><useRegEx>false</useRegEx></con:configuration></con:assertion><con:assertion type="Simple Contains" id="e2a6a0c8-96fe-42c5-b43e-daa8540d2ab8" name="Contains 1"><con:configuration><token>Kroner</token><ignoreCase>false</ignoreCase><useRegEx>false</useRegEx></con:configuration></con:assertion><con:assertion type="Simple Contains" id="341b5fc8-ffb1-499b-bda2-a9844c27651a" name="Contains 2"><con:configuration><token>DK</token><ignoreCase>false</ignoreCase><useRegEx>false</useRegEx></con:configuration></con:assertion><con:credentials><con:authType>No Authorization</con:authType></con:credentials><con:jmsConfig JMSDeliveryMode="PERSISTENT"/><con:jmsPropertyConfig/><con:wsaConfig mustUnderstand="NONE" version="200508" action="http://www.oorsprong.org/websamples.countryinfo/CountryInfoServiceSoapType/CountryCurrencyRequest"/><con:wsrmConfig version="1.2"/></con:request></con:config></con:testStep><con:properties/></con:testCase><con:testCase id="7268955c-18bf-4836-baa4-8b53eb574660" failOnError="true" failTestCaseOnErrors="true" keepSession="false" maxResults="0" name="TestCase 6 Verify country currency when the user type country ISO code" searchProperties="true"><con:settings/><con:testStep type="request" id="4e02cb07-b1c2-4e9b-a16c-d1c01715eb16" name="CountryCurrency - Request 2"><con:settings/><con:config xsi:type="con:RequestStep" xmlns:xsi="http://www.w3.org/2001/XMLSchema-instance"><con:interface>CountryInfoServiceSoapBinding12</con:interface><con:operation>CountryCurrency</con:operation><con:request name="CountryCurrency - Request 2" outgoingWss="" incomingWss="" timeout="" sslKeystore="" useWsAddressing="false" useWsReliableMessaging="false" wssPasswordType="" id="3009c900-b037-44d0-ba4f-c6dccbef3981"><con:settings><con:setting id="com.eviware.soapui.impl.wsdl.WsdlRequest@request-headers">&lt;xml-fragment/></con:setting></con:settings><con:encoding>UTF-8</con:encoding><con:endpoint>http://webservices.oorsprong.org/websamples.countryinfo/CountryInfoService.wso</con:endpoint><con:request><![CDATA[<soap:Envelope xmlns:soap="http://www.w3.org/2003/05/soap-envelope" xmlns:web="http://www.oorsprong.org/websamples.countryinfo">\r
   <soap:Header/>\r
   <soap:Body>\r
      <web:CountryCurrency>\r
         <web:sCountryISOCode>IT</web:sCountryISOCode>\r
      </web:CountryCurrency>\r
   </soap:Body>\r
</soap:Envelope>]]></con:request><con:assertion type="SOAP Response" id="f0c5bbd1-35fa-4110-ad0f-1c31aad105c3" name="SOAP Response"/><con:assertion type="Simple Contains" id="2299c9cb-437f-4345-9d24-0d375a2f8a8e" name="Contains"><con:configuration><token>Eur</token><ignoreCase>false</ignoreCase><useRegEx>false</useRegEx></con:configuration></con:assertion><con:assertion type="Simple Contains" id="74048368-7cf0-4448-ab0f-566154205ab3" name="Contains 1"><con:configuration><token>euro</token><ignoreCase>false</ignoreCase><useRegEx>false</useRegEx></con:configuration></con:assertion><con:assertion type="Simple Contains" id="2875c173-abaf-49e0-836c-2e3853668a63" name="Contains 2"><con:configuration><token>EU</token><ignoreCase>false</ignoreCase><useRegEx>false</useRegEx></con:configuration></con:assertion><con:credentials><con:authType>No Authorization</con:authType></con:credentials><con:jmsConfig JMSDeliveryMode="PERSISTENT"/><con:jmsPropertyConfig/><con:wsaConfig mustUnderstand="NONE" version="200508" action="http://www.oorsprong.org/websamples.countryinfo/CountryInfoServiceSoapType/CountryCurrencyRequest"/><con:wsrmConfig version="1.2"/></con:request></con:config></con:testStep><con:properties/></con:testCase><con:testCase id="dce7539d-8dab-4048-b97e-0e6175b824b1" failOnError="true" failTestCaseOnErrors="true" keepSession="false" maxResults="0" name="TestCase 7 Verify countries using currency when the user type ISO currency code" searchProperties="true"><con:settings/><con:testStep type="request" id="afcbff9c-a9dd-4012-bbeb-57a01c0bdee3" name="CountriesUsingCurrency - Request 1"><con:settings/><con:config xsi:type="con:RequestStep" xmlns:xsi="http://www.w3.org/2001/XMLSchema-instance"><con:interface>CountryInfoServiceSoapBinding</con:interface><con:operation>CountriesUsingCurrency</con:operation><con:request name="CountriesUsingCurrency - Request 1" outgoingWss="" incomingWss="" timeout="" sslKeystore="" useWsAddressing="false" useWsReliableMessaging="false" wssPasswordType="" id="0fc3bd75-fa46-4b80-b3c0-4918feab7427"><con:settings><con:setting id="com.eviware.soapui.impl.wsdl.WsdlRequest@request-headers">&lt;xml-fragment/></con:setting></con:settings><con:encoding>UTF-8</con:encoding><con:endpoint>http://webservices.oorsprong.org/websamples.countryinfo/CountryInfoService.wso</con:endpoint><con:request><![CDATA[<soapenv:Envelope xmlns:soapenv="http://schemas.xmlsoap.org/soap/envelope/" xmlns:web="http://www.oorsprong.org/websamples.countryinfo">\r
   <soapenv:Header/>\r
   <soapenv:Body>\r
      <web:CountriesUsingCurrency>\r
         <web:sISOCurrencyCode>JPY</web:sISOCurrencyCode>\r
      </web:CountriesUsingCurrency>\r
   </soapenv:Body>\r
</soapenv:Envelope>]]></con:request><con:assertion type="SOAP Response" id="90498eb6-2b34-4ccd-84c4-f15bb0bc1a24" name="SOAP Response"/><con:assertion type="Simple Contains" id="67ed6609-2153-48ca-ba56-ca4c51b2f2de" name="Contains"><con:configuration><token>JP</token><ignoreCase>false</ignoreCase><useRegEx>false</useRegEx></con:configuration></con:assertion><con:assertion type="Simple Contains" id="9ec1018f-e340-4d71-9f1d-2bdbbf8b6614" name="Contains 1"><con:configuration><token>Japan</token><ignoreCase>false</ignoreCase><useRegEx>false</useRegEx></con:configuration></con:assertion><con:assertion type="Simple Contains" id="41f27242-c252-47dc-bdaf-9e63a225d88a" name="Contains 2"><con:configuration><token>JPY</token><ignoreCase>false</ignoreCase><useRegEx>false</useRegEx></con:configuration></con:assertion><con:credentials><con:authType>No Authorization</con:authType></con:credentials><con:jmsConfig JMSDeliveryMode="PERSISTENT"/><con:jmsPropertyConfig/><con:wsaConfig mustUnderstand="NONE" version="200508" action="http://www.oorsprong.org/websamples.countryinfo/CountryInfoServiceSoapType/CountriesUsingCurrencyRequest"/><con:wsrmConfig version="1.2"/></con:request></con:config></con:testStep><con:properties/></con:testCase><con:testCase id="23bab4a0-41b1-4e79-8b2a-3716db7e4011" failOnError="true" failTestCaseOnErrors="true" keepSession="false" maxResults="0" name="TestCase 8 Verify countries using currency when the user type ISO currency code" searchProperties="true"><con:settings/><con:testStep type="request" id="1e989f90-3d8c-4c64-8dda-0c0c14bcca75" name="CountriesUsingCurrency - Request 2"><con:settings/><con:config xsi:type="con:RequestStep" xmlns:xsi="http://www.w3.org/2001/XMLSchema-instance"><con:interface>CountryInfoServiceSoapBinding</con:interface><con:operation>CountriesUsingCurrency</con:operation><con:request name="CountriesUsingCurrency - Request 2" outgoingWss="" incomingWss="" timeout="" sslKeystore="" useWsAddressing="false" useWsReliableMessaging="false" wssPasswordType="" id="4efed4f0-b59f-4d57-b969-906f0c353d1e"><con:settings><con:setting id="com.eviware.soapui.impl.wsdl.WsdlRequest@request-headers">&lt;xml-fragment/></con:setting></con:settings><con:encoding>UTF-8</con:encoding><con:endpoint>http://webservices.oorsprong.org/websamples.countryinfo/CountryInfoService.wso</con:endpoint><con:request><![CDATA[<soapenv:Envelope xmlns:soapenv="http://schemas.xmlsoap.org/soap/envelope/" xmlns:web="http://www.oorsprong.org/websamples.countryinfo">\r
   <soapenv:Header/>\r
   <soapenv:Body>\r
      <web:CountriesUsingCurrency>\r
         <web:sISOCurrencyCode>SGD</web:sISOCurrencyCode>\r
      </web:CountriesUsingCurrency>\r
   </soapenv:Body>\r
</soapenv:Envelope>]]></con:request><con:assertion type="SOAP Response" id="af4c3169-ae4d-4b4b-aa60-1bad24601367" name="SOAP Response"/><con:assertion type="Simple Contains" id="1b7050e2-d9b4-451b-8709-13239a6e1277" name="Contains"><con:configuration><token>SG</token><ignoreCase>false</ignoreCase><useRegEx>false</useRegEx></con:configuration></con:assertion><con:assertion type="Simple Contains" id="11edee0f-d321-4353-bdd5-87fec6d3faf0" name="Contains 1"><con:configuration><token>Singapore</token><ignoreCase>false</ignoreCase><useRegEx>false</useRegEx></con:configuration></con:assertion><con:assertion type="Simple Contains" id="6675f162-300b-43be-bb23-1d8beb8b16fc" name="Contains 2"><con:configuration><token>sg</token><ignoreCase>false</ignoreCase><useRegEx>false</useRegEx></con:configuration></con:assertion><con:credentials><con:authType>No Authorization</con:authType></con:credentials><con:jmsConfig JMSDeliveryMode="PERSISTENT"/><con:jmsPropertyConfig/><con:wsaConfig mustUnderstand="NONE" version="200508" action="http://www.oorsprong.org/websamples.countryinfo/CountryInfoServiceSoapType/CountriesUsingCurrencyRequest"/><con:wsrmConfig version="1.2"/></con:request></con:config></con:testStep><con:properties/></con:testCase><con:testCase id="047b0bf7-8f28-475e-b78f-6b758a16c517" failOnError="true" failTestCaseOnErrors="true" keepSession="false" maxResults="0" name="TestCase 1.1 Verify capital city when the user type wrong ISO country code" searchProperties="true"><con:settings/><con:testStep type="request" id="4a649f12-e0b4-47fc-beea-ca01e475ebff" name="CapitalCity - Request 1.1"><con:settings/><con:config xsi:type="con:RequestStep" xmlns:xsi="http://www.w3.org/2001/XMLSchema-instance"><con:interface>CountryInfoServiceSoapBinding</con:interface><con:operation>CapitalCity</con:operation><con:request name="CapitalCity - Request 1.1" outgoingWss="" incomingWss="" timeout="" sslKeystore="" useWsAddressing="false" useWsReliableMessaging="false" wssPasswordType="" id="c82e9c52-aabd-4cb8-8c42-85a9dc2b6e63"><con:settings><con:setting id="com.eviware.soapui.impl.wsdl.WsdlRequest@request-headers">&lt;xml-fragment/></con:setting></con:settings><con:encoding>UTF-8</con:encoding><con:endpoint>http://webservices.oorsprong.org/websamples.countryinfo/CountryInfoService.wso</con:endpoint><con:request><![CDATA[<soapenv:Envelope xmlns:soapenv="http://schemas.xmlsoap.org/soap/envelope/" xmlns:web="http://www.oorsprong.org/websamples.countryinfo">\r
   <soapenv:Header/>\r
   <soapenv:Body>\r
      <web:CapitalCity>\r
         <web:sCountryISOCode>ISO 3166-2</web:sCountryISOCode>\r
      </web:CapitalCity>\r
   </soapenv:Body>\r
</soapenv:Envelope>]]></con:request><con:assertion type="SOAP Response" id="ca410ab8-0d62-48a8-a6e8-6f2f78972768" name="SOAP Response"/><con:assertion type="Simple Contains" id="2e711b52-5da9-4565-9ac5-7744001f283a" name="Contains"><con:configuration><token>GB</token><ignoreCase>false</ignoreCase><useRegEx>false</useRegEx></con:configuration></con:assertion><con:assertion type="Simple Contains" id="86afda9f-b7d3-4165-8b0a-913327d38fd9" name="Contains 1"><con:configuration><token> United Kingdom of Great Britain and Northern Ireland</token><ignoreCase>false</ignoreCase><useRegEx>false</useRegEx></con:configuration></con:assertion><con:assertion type="Simple Contains" id="a3e1ebdc-f57f-4326-9ce8-2577f159595b" name="Contains 2"><con:configuration><token>Reykjavik</token><ignoreCase>false</ignoreCase><useRegEx>false</useRegEx></con:configuration></con:assertion><con:credentials><con:authType>No Authorization</con:authType></con:credentials><con:jmsConfig JMSDeliveryMode="PERSISTENT"/><con:jmsPropertyConfig/><con:wsaConfig mustUnderstand="NONE" version="200508" action="http://www.oorsprong.org/websamples.countryinfo/CountryInfoServiceSoapType/CapitalCityRequest"/><con:wsrmConfig version="1.2"/></con:request></con:config></con:testStep><con:properties/></con:testCase><con:testCase id="6b173917-301b-48c5-abf6-0bf0f4f08dc9" failOnError="true" failTestCaseOnErrors="true" keepSession="false" maxResults="0" name="TestCase 2.1 Verify capital city when the user type wrong ISO country code" searchProperties="true"><con:settings/><con:testStep type="request" id="d6a6e308-ccfa-4d10-a414-576d8675ae88" name="CapitalCity - Request 2.1"><con:settings/><con:config xsi:type="con:RequestStep" xmlns:xsi="http://www.w3.org/2001/XMLSchema-instance"><con:interface>CountryInfoServiceSoapBinding</con:interface><con:operation>CapitalCity</con:operation><con:request name="CapitalCity - Request 2.1" outgoingWss="" incomingWss="" timeout="" sslKeystore="" useWsAddressing="false" useWsReliableMessaging="false" wssPasswordType="" id="ed8b000c-da84-43e7-8bf1-85f377e3c7d5"><con:settings><con:setting id="com.eviware.soapui.impl.wsdl.WsdlRequest@request-headers">&lt;xml-fragment/></con:setting></con:settings><con:encoding>UTF-8</con:encoding><con:endpoint>http://webservices.oorsprong.org/websamples.countryinfo/CountryInfoService.wso</con:endpoint><con:request><![CDATA[<soapenv:Envelope xmlns:soapenv="http://schemas.xmlsoap.org/soap/envelope/" xmlns:web="http://www.oorsprong.org/websamples.countryinfo">\r
   <soapenv:Header/>\r
   <soapenv:Body>\r
      <web:CapitalCity>\r
         <web:sCountryISOCode>ISO 3166-2:IN</web:sCountryISOCode>\r
      </web:CapitalCity>\r
   </soapenv:Body>\r
</soapenv:Envelope>]]></con:request><con:assertion type="SOAP Response" id="39391020-4855-4c25-824c-0ba74d6b6d19" name="SOAP Response"/><con:assertion type="Simple Contains" id="e3a2e0ab-cfc6-4cb8-8ff6-4c799fcb0b2c" name="Contains"><con:configuration><token>India</token><ignoreCase>false</ignoreCase><useRegEx>false</useRegEx></con:configuration></con:assertion><con:assertion type="Simple Contains" id="e0a9897b-57d6-455f-b2d0-98f648160f3d" name="Contains 1"><con:configuration><token>New Delhi</token><ignoreCase>false</ignoreCase><useRegEx>false</useRegEx></con:configuration></con:assertion><con:assertion type="Simple Contains" id="3f7ada38-b813-4293-8543-caa298cf78c4" name="Contains 2"><con:configuration><token>Delhi</token><ignoreCase>false</ignoreCase><useRegEx>false</useRegEx></con:configuration></con:assertion><con:credentials><con:authType>No Authorization</con:authType></con:credentials><con:jmsConfig JMSDeliveryMode="PERSISTENT"/><con:jmsPropertyConfig/><con:wsaConfig mustUnderstand="NONE" version="200508" action="http://www.oorsprong.org/websamples.countryinfo/CountryInfoServiceSoapType/CapitalCityRequest"/><con:wsrmConfig version="1.2"/></con:request></con:config></con:testStep><con:properties/></con:testCase><con:testCase id="e98ef0de-5a67-4cdc-9642-18adef92e483" failOnError="true" failTestCaseOnErrors="true" keepSession="false" maxResults="0" name="TestCase 3.1 Verify ISO country code when the user type wrong country name" searchProperties="true"><con:settings/><con:testStep type="request" id="6e5c56b8-a7ac-4906-a670-79e003992af5" name="CountryISOCode - Request 1.1"><con:settings/><con:config xsi:type="con:RequestStep" xmlns:xsi="http://www.w3.org/2001/XMLSchema-instance"><con:interface>CountryInfoServiceSoapBinding</con:interface><con:operation>CountryISOCode</con:operation><con:request name="CountryISOCode - Request 1.1" outgoingWss="" incomingWss="" timeout="" sslKeystore="" useWsAddressing="false" useWsReliableMessaging="false" wssPasswordType="" id="764f41b0-e5f3-49d7-aea3-c51f89e708c3"><con:settings><con:setting id="com.eviware.soapui.impl.wsdl.WsdlRequest@request-headers">&lt;xml-fragment/></con:setting></con:settings><con:encoding>UTF-8</con:encoding><con:endpoint>http://webservices.oorsprong.org/websamples.countryinfo/CountryInfoService.wso</con:endpoint><con:request><![CDATA[<soapenv:Envelope xmlns:soapenv="http://schemas.xmlsoap.org/soap/envelope/" xmlns:web="http://www.oorsprong.org/websamples.countryinfo">\r
   <soapenv:Header/>\r
   <soapenv:Body>\r
      <web:CountryISOCode>\r
         <web:sCountryName>canada</web:sCountryName>\r
      </web:CountryISOCode>\r
   </soapenv:Body>\r
</soapenv:Envelope>]]></con:request><con:assertion type="SOAP Response" id="4ea3697d-b9ae-4dd5-ae89-542118577afd" name="SOAP Response"/><con:assertion type="Simple Contains" id="0b0a8b8c-a486-4aa1-a30a-bcdb1b3eb22f" name="Contains"><con:configuration><token>CA</token><ignoreCase>false</ignoreCase><useRegEx>false</useRegEx></con:configuration></con:assertion><con:assertion type="Simple Contains" id="e5b32f81-9dfd-461e-9e1a-8717e6867f14" name="Contains 1"><con:configuration><token>ca</token><ignoreCase>false</ignoreCase><useRegEx>false</useRegEx></con:configuration></con:assertion><con:assertion type="Simple Contains" id="0e99ca7a-a1c0-43e5-8e7b-54f2101194c0" name="Contains 2"><con:configuration><token>canada</token><ignoreCase>false</ignoreCase><useRegEx>false</useRegEx></con:configuration></con:assertion><con:credentials><con:authType>No Authorization</con:authType></con:credentials><con:jmsConfig JMSDeliveryMode="PERSISTENT"/><con:jmsPropertyConfig/><con:wsaConfig mustUnderstand="NONE" version="200508" action="http://www.oorsprong.org/websamples.countryinfo/CountryInfoServiceSoapType/CountryISOCodeRequest"/><con:wsrmConfig version="1.2"/></con:request></con:config></con:testStep><con:properties/></con:testCase><con:testCase id="6cf826a2-19b2-4dc4-9fda-ae75d48eaa13" failOnError="true" failTestCaseOnErrors="true" keepSession="false" maxResults="0" name="TestCase 4.1 Verify ISO country code when the user type wrong country name" searchProperties="true"><con:settings/><con:testStep type="request" id="49dc6b25-6d67-456c-bcd3-4bd212e8fdba" name="CountryISOCode - Request 2.1"><con:settings/><con:config xsi:type="con:RequestStep" xmlns:xsi="http://www.w3.org/2001/XMLSchema-instance"><con:interface>CountryInfoServiceSoapBinding</con:interface><con:operation>CountryISOCode</con:operation><con:request name="CountryISOCode - Request 2.1" outgoingWss="" incomingWss="" timeout="" sslKeystore="" useWsAddressing="false" useWsReliableMessaging="false" wssPasswordType="" id="fe90ad40-68d1-4fc5-8ca2-5e780ebaa5b3"><con:settings><con:setting id="com.eviware.soapui.impl.wsdl.WsdlRequest@request-headers">&lt;xml-fragment/></con:setting></con:settings><con:encoding>UTF-8</con:encoding><con:endpoint>http://webservices.oorsprong.org/websamples.countryinfo/CountryInfoService.wso</con:endpoint><con:request><![CDATA[<soapenv:Envelope xmlns:soapenv="http://schemas.xmlsoap.org/soap/envelope/" xmlns:web="http://www.oorsprong.org/websamples.countryinfo">\r
   <soapenv:Header/>\r
   <soapenv:Body>\r
      <web:CountryISOCode>\r
         <web:sCountryName>cuba</web:sCountryName>\r
      </web:CountryISOCode>\r
   </soapenv:Body>\r
</soapenv:Envelope>]]></con:request><con:assertion type="SOAP Response" id="7ea1c10e-c613-49d8-9dd6-28e78440ab59" name="SOAP Response"/><con:assertion type="Simple Contains" id="9c2c4f2a-b6a8-4e4d-8de8-195fe528e352" name="Contains"><con:configuration><token>CU</token><ignoreCase>false</ignoreCase><useRegEx>false</useRegEx></con:configuration></con:assertion><con:assertion type="Simple Contains" id="1a19c022-2a58-4ff2-8ad9-ecdb35377a6c" name="Contains 1"><con:configuration><token>cu</token><ignoreCase>false</ignoreCase><useRegEx>false</useRegEx></con:configuration></con:assertion><con:assertion type="Simple Contains" id="5340e149-4ddc-4aeb-baa7-c48e88db4d22" name="Contains 2"><con:configuration><token>cuba</token><ignoreCase>false</ignoreCase><useRegEx>false</useRegEx></con:configuration></con:assertion><con:credentials><con:authType>No Authorization</con:authType></con:credentials><con:jmsConfig JMSDeliveryMode="PERSISTENT"/><con:jmsPropertyConfig/><con:wsaConfig mustUnderstand="NONE" version="200508" action="http://www.oorsprong.org/websamples.countryinfo/CountryInfoServiceSoapType/CountryISOCodeRequest"/><con:wsrmConfig version="1.2"/></con:request></con:config></con:testStep><con:properties/></con:testCase><con:testCase id="c4f9b8d9-82e5-4769-8c89-6389d9c40941" failOnError="true" failTestCaseOnErrors="true" keepSession="false" maxResults="0" name="TestCase 5.1 Verify country currency when the user type wrong country ISO code" searchProperties="true"><con:settings/><con:testStep type="request" id="8e6aed4f-7c75-4a4f-84f8-d1c40f538247" name="CountryCurrency - Request 1.1 Verify country currency when the user type wrong country ISO code"><con:settings/><con:config xsi:type="con:RequestStep" xmlns:xsi="http://www.w3.org/2001/XMLSchema-instance"><con:interface>CountryInfoServiceSoapBinding12</con:interface><con:operation>CountryCurrency</con:operation><con:request name="CountryCurrency - Request 1.1 Verify country currency when the user type wrong country ISO code" outgoingWss="" incomingWss="" timeout="" sslKeystore="" useWsAddressing="false" useWsReliableMessaging="false" wssPasswordType="" id="b0ae92b6-784f-4d3a-8a0c-76f5c75009bf"><con:settings><con:setting id="com.eviware.soapui.impl.wsdl.WsdlRequest@request-headers">&lt;xml-fragment/></con:setting></con:settings><con:encoding>UTF-8</con:encoding><con:endpoint>http://webservices.oorsprong.org/websamples.countryinfo/CountryInfoService.wso</con:endpoint><con:request><![CDATA[<soap:Envelope xmlns:soap="http://www.w3.org/2003/05/soap-envelope" xmlns:web="http://www.oorsprong.org/websamples.countryinfo">\r
   <soap:Header/>\r
   <soap:Body>\r
      <web:CountryCurrency>\r
         <web:sCountryISOCode>ISO 3166-2</web:sCountryISOCode>\r
      </web:CountryCurrency>\r
   </soap:Body>\r
</soap:Envelope>]]></con:request><con:assertion type="SOAP Response" id="81c5745b-3c13-482d-b6da-0806bcf643d0" name="SOAP Response"/><con:assertion type="Simple Contains" id="b21a3f57-44ab-42fb-82bd-ca82985eee2a" name="Contains"><con:configuration><token>DKK</token><ignoreCase>false</ignoreCase><useRegEx>false</useRegEx></con:configuration></con:assertion><con:assertion type="Simple Contains" id="7539dbf2-aa0d-409b-a687-1f927a4a82d8" name="Contains 1"><con:configuration><token>DK</token><ignoreCase>false</ignoreCase><useRegEx>false</useRegEx></con:configuration></con:assertion><con:assertion type="Simple Contains" id="5643832a-57ac-4786-a275-e3fc976f1de8" name="Contains 2"><con:configuration><token>DNK</token><ignoreCase>false</ignoreCase><useRegEx>false</useRegEx></con:configuration></con:assertion><con:credentials><con:authType>No Authorization</con:authType></con:credentials><con:jmsConfig JMSDeliveryMode="PERSISTENT"/><con:jmsPropertyConfig/><con:wsaConfig mustUnderstand="NONE" version="200508" action="http://www.oorsprong.org/websamples.countryinfo/CountryInfoServiceSoapType/CountryCurrencyRequest"/><con:wsrmConfig version="1.2"/></con:request></con:config></con:testStep><con:properties/></con:testCase><con:testCase id="05b530b6-f148-4b27-ad92-868c7ceed75d" failOnError="true" failTestCaseOnErrors="true" keepSession="false" maxResults="0" name="TestCase 6.1 Verify country currency when the user type wrong country ISO code" searchProperties="true"><con:settings/><con:testStep type="request" id="261749f4-20fb-4bb7-ba41-f915d6bf6b8a" name="CountryCurrency - Request 2.1"><con:settings/><con:config xsi:type="con:RequestStep" xmlns:xsi="http://www.w3.org/2001/XMLSchema-instance"><con:interface>CountryInfoServiceSoapBinding12</con:interface><con:operation>CountryCurrency</con:operation><con:request name="CountryCurrency - Request 2.1" outgoingWss="" incomingWss="" timeout="" sslKeystore="" useWsAddressing="false" useWsReliableMessaging="false" wssPasswordType="" id="08e8db65-72c6-4bd2-9dbd-795406213611"><con:settings><con:setting id="com.eviware.soapui.impl.wsdl.WsdlRequest@request-headers">&lt;xml-fragment/></con:setting></con:settings><con:encoding>UTF-8</con:encoding><con:endpoint>http://webservices.oorsprong.org/websamples.countryinfo/CountryInfoService.wso</con:endpoint><con:request><![CDATA[<soap:Envelope xmlns:soap="http://www.w3.org/2003/05/soap-envelope" xmlns:web="http://www.oorsprong.org/websamples.countryinfo">\r
   <soap:Header/>\r
   <soap:Body>\r
      <web:CountryCurrency>\r
         <web:sCountryISOCode>380</web:sCountryISOCode>\r
      </web:CountryCurrency>\r
   </soap:Body>\r
</soap:Envelope>]]></con:request><con:assertion type="SOAP Response" id="b3a768a6-7ac6-4ba3-b7c2-6cd4f16a4582" name="SOAP Response"/><con:assertion type="Simple Contains" id="f9861061-3c71-440b-be0b-e8c9b75af803" name="Contains"><con:configuration><token>ITA</token><ignoreCase>false</ignoreCase><useRegEx>false</useRegEx></con:configuration></con:assertion><con:assertion type="Simple Contains" id="3f8c9b0f-0f21-4683-9267-335b5c2e15ec" name="Contains 1"><con:configuration><token>Italia</token><ignoreCase>false</ignoreCase><useRegEx>false</useRegEx></con:configuration></con:assertion><con:assertion type="Simple Contains" id="93559cdd-b05d-4298-87d8-71be57e6499e" name="Contains 2"><con:configuration><token>Euro</token><ignoreCase>false</ignoreCase><useRegEx>false</useRegEx></con:configuration></con:assertion><con:credentials><con:authType>No Authorization</con:authType></con:credentials><con:jmsConfig JMSDeliveryMode="PERSISTENT"/><con:jmsPropertyConfig/><con:wsaConfig mustUnderstand="NONE" version="200508" action="http://www.oorsprong.org/websamples.countryinfo/CountryInfoServiceSoapType/CountryCurrencyRequest"/><con:wsrmConfig version="1.2"/></con:request></con:config></con:testStep><con:properties/></con:testCase><con:testCase id="3d337f92-ab35-4b66-9ab6-ca5e073f0ed7" failOnError="true" failTestCaseOnErrors="true" keepSession="false" maxResults="0" name="TestCase 7.1 Verify countries using currency when the user type wrong ISO currency code" searchProperties="true"><con:settings/><con:testStep type="request" id="68c0c268-6d4b-42b3-9784-5d1414559007" name="CountriesUsingCurrency - Request 1.1"><con:settings/><con:config xsi:type="con:RequestStep" xmlns:xsi="http://www.w3.org/2001/XMLSchema-instance"><con:interface>CountryInfoServiceSoapBinding</con:interface><con:operation>CountriesUsingCurrency</con:operation><con:request name="CountriesUsingCurrency - Request 1.1" outgoingWss="" incomingWss="" timeout="" sslKeystore="" useWsAddressing="false" useWsReliableMessaging="false" wssPasswordType="" id="af99bdb1-c13b-45d2-936c-e7f40f59c96d"><con:settings><con:setting id="com.eviware.soapui.impl.wsdl.WsdlRequest@request-headers">&lt;xml-fragment/></con:setting></con:settings><con:encoding>UTF-8</con:encoding><con:endpoint>http://webservices.oorsprong.org/websamples.countryinfo/CountryInfoService.wso</con:endpoint><con:request><![CDATA[<soapenv:Envelope xmlns:soapenv="http://schemas.xmlsoap.org/soap/envelope/" xmlns:web="http://www.oorsprong.org/websamples.countryinfo">\r
   <soapenv:Header/>\r
   <soapenv:Body>\r
      <web:CountriesUsingCurrency>\r
         <web:sISOCurrencyCode> Japan</web:sISOCurrencyCode>\r
      </web:CountriesUsingCurrency>\r
   </soapenv:Body>\r
</soapenv:Envelope>]]></con:request><con:assertion type="SOAP Response" id="f0fdf340-1ec9-45c1-a2ba-40ecf29a6bf9" name="SOAP Response"/><con:assertion type="Simple Contains" id="0cafe709-337f-4827-b254-8af51e8b6a64" name="Contains"><con:configuration><token>JPY</token><ignoreCase>false</ignoreCase><useRegEx>false</useRegEx></con:configuration></con:assertion><con:assertion type="Simple Contains" id="85f505e3-b2f0-4216-9722-32367873a207" name="Contains 1"><con:configuration><token>Japan</token><ignoreCase>false</ignoreCase><useRegEx>false</useRegEx></con:configuration></con:assertion><con:assertion type="Simple Contains" id="02a599f2-2a2f-4e50-9672-f5085b70f5be" name="Contains 2"><con:configuration><token>Japanese yen</token><ignoreCase>false</ignoreCase><useRegEx>false</useRegEx></con:configuration></con:assertion><con:credentials><con:authType>No Authorization</con:authType></con:credentials><con:jmsConfig JMSDeliveryMode="PERSISTENT"/><con:jmsPropertyConfig/><con:wsaConfig mustUnderstand="NONE" version="200508" action="http://www.oorsprong.org/websamples.countryinfo/CountryInfoServiceSoapType/CountriesUsingCurrencyRequest"/><con:wsrmConfig version="1.2"/></con:request></con:config></con:testStep><con:properties/></con:testCase><con:testCase id="5aaa8470-63c6-4e83-b1b9-cdc7260d7e0f" failOnError="true" failTestCaseOnErrors="true" keepSession="false" maxResults="0" name="TestCase 8.1 Verify countries using currency when the user type wrong ISO currency code" searchProperties="true"><con:settings/><con:testStep type="request" id="f599bf2e-3164-4629-a8cc-bcd7264b9845" name="CountriesUsingCurrency - Request 2.1"><con:settings/><con:config xsi:type="con:RequestStep" xmlns:xsi="http://www.w3.org/2001/XMLSchema-instance"><con:interface>CountryInfoServiceSoapBinding</con:interface><con:operation>CountriesUsingCurrency</con:operation><con:request name="CountriesUsingCurrency - Request 2.1" outgoingWss="" incomingWss="" timeout="" sslKeystore="" useWsAddressing="false" useWsReliableMessaging="false" wssPasswordType="" id="a4a66aa5-bc67-4896-8b3a-e4dfae2cf290"><con:settings><con:setting id="com.eviware.soapui.impl.wsdl.WsdlRequest@request-headers">&lt;xml-fragment/></con:setting></con:settings><con:encoding>UTF-8</con:encoding><con:endpoint>http://webservices.oorsprong.org/websamples.countryinfo/CountryInfoService.wso</con:endpoint><con:request><![CDATA[<soapenv:Envelope xmlns:soapenv="http://schemas.xmlsoap.org/soap/envelope/" xmlns:web="http://www.oorsprong.org/websamples.countryinfo">\r
   <soapenv:Header/>\r
   <soapenv:Body>\r
      <web:CountriesUsingCurrency>\r
         <web:sISOCurrencyCode>Singapore dollar</web:sISOCurrencyCode>\r
      </web:CountriesUsingCurrency>\r
   </soapenv:Body>\r
</soapenv:Envelope>]]></con:request><con:assertion type="SOAP Response" id="5a3318b6-2ef4-4442-a6bd-a3db95eeadd5" name="SOAP Response"/><con:assertion type="Simple Contains" id="b436f0ab-8347-44cb-93f3-a23650576670" name="Contains"><con:configuration><token>Singapore </token><ignoreCase>false</ignoreCase><useRegEx>false</useRegEx></con:configuration></con:assertion><con:assertion type="Simple Contains" id="0a913f53-c3d6-4e49-87c0-49e8223df804" name="Contains 1"><con:configuration><token>dollar</token><ignoreCase>false</ignoreCase><useRegEx>false</useRegEx></con:configuration></con:assertion><con:assertion type="Simple Contains" id="59ee21e5-4904-4a2d-8aec-51fcba66037b" name="Contains 2"><con:configuration><token>SGD</token><ignoreCase>false</ignoreCase><useRegEx>false</useRegEx></con:configuration></con:assertion><con:credentials><con:authType>No Authorization</con:authType></con:credentials><con:jmsConfig JMSDeliveryMode="PERSISTENT"/><con:jmsPropertyConfig/><con:wsaConfig mustUnderstand="NONE" version="200508" action="http://www.oorsprong.org/websamples.countryinfo/CountryInfoServiceSoapType/CountriesUsingCurrencyRequest"/><con:wsrmConfig version="1.2"/></con:request></con:config></con:testStep><con:properties/></con:testCase><con:properties/></con:testSuite>